"","achievement_count","athlete_count","athlete.id","athlete.resource_state","average_speed","comment_count","commute","distance","elapsed_time","elev_high","elev_low","end_latlng1","end_latlng2","external_id","flagged","gear_id","has_heartrate","has_kudoed","id","kudos_count","location_city","location_country","location_state","manual","map.id","map.resource_state","map.summary_polyline","max_speed","moving_time","name","photo_count","private","resource_state","start_date","start_date_local","start_latitude","start_latlng1","start_latlng2","start_longitude","timezone","total_elevation_gain","total_photo_count","trainer","type","upload_id","workout_type","hum"
"1",2,1,"11307443",1,12.7152,0,"FALSE",10.6536,3143,176.3,138.7,38.65,-90.3,"61E36702-0FA2-4FE9-84CB-AF4472291EEF","FALSE","g1762053","FALSE","FALSE","758775212",1,"Saint Louis","United States","Missouri","FALSE","a758775212",2,"kh{jFbycfPjn@jNh`@bDfBeA}@cUnBaB[yBvAwDpAsSg@gE~AcAv@{SsBwUn@yDoByKPaFxBmBqCqODuNzAyQ|JrChAuAe@gRiAgCoHeB}FtCmJb@yI{EiLrCiDoAaFpI}@tNsFhB}G~P{@rNfCjNy@lG}HfIsGn}Afi@`Ng_@mI",18,3016,"Evening Run",0,"FALSE",2,"2016-10-28T23:24:34Z","2016-10-28T18:24:34Z",38.65,38.65,-90.3,-90.3,"(GMT-06:00) America/Chicago",64.1,0,"FALSE","Run","838653651","0",0
"2",7,2,"11307443",1,13.8384,1,"FALSE",4.997,1300,175.8,146.3,38.65,-90.3,"5636E23A-4189-47E7-B522-9ACE8E847236","FALSE","g1762053","FALSE","FALSE","757922152",1,"Saint Louis","United States","Missouri","FALSE","a757922152",2,"oh{jFxxcfPph@fMjf@hEnBeCgA{RnBcBz@{Hx@gZ@vL}BfWyBzA|A`Oc@nDsAz@qe@mE_h@{K",18.36,1300,"Evening Run",0,"FALSE",2,"2016-10-27T23:03:53Z","2016-10-27T18:03:53Z",38.65,38.65,-90.3,-90.3,"(GMT-06:00) America/Chicago",48.6,0,"FALSE","Run","837649512","0",0
"3",10,1,"11307443",1,12.8628,0,"FALSE",10.7155,3014,175.7,138.7,38.65,-90.3,"B3978A5A-0F27-4E60-93BA-09D3543D4A88","FALSE","g1762053","FALSE","FALSE","756994044",0,"Saint Louis","United States","Missouri","FALSE","a756994044",2,"_g{jF|ycfPnq@nNrZbC`CsAs@aU|BcBg@yBvByIr@gNg@oExAw@x@qP}AsJRuSiBuJJsF|BkBqCcOXaOhAeRfM`BuAuV}HaC{R~DcL{EyIlCiDsAoE`HkAhPkG|BmGbRu@fM~BdNq@hGcI`JiGz|Ali@~Msg@{K",18.36,2999,"Evening Run",0,"FALSE",2,"2016-10-26T23:01:30Z","2016-10-26T18:01:30Z",38.65,38.65,-90.3,-90.3,"(GMT-06:00) America/Chicago",62.9,0,"FALSE","Run","836560669","0",0
"4",2,1,"11307443",1,12.834,0,"FALSE",8.8365,2823,175.5,138.6,38.65,-90.3,"B724B8BB-E593-4600-961E-86E0A4A5E0C3","FALSE","g1762053","FALSE","FALSE","755614743",1,"Saint Louis","United States","Missouri","FALSE","a755614743",2,"yg{jFpycfPvFe_B|HgIl@eG}BaOt@mL~FgQrGmCdA{OxEoHjDpAzIqC`LxEfJc@pG{CrHjBhBdN[lH{LyAw@zJg@fTbCtOeAd]h@pOpA|Ds@`ReB|Bh@tEu@zM{A~MkBtAz@rT}BxA{a@{Dgk@aM",18.36,2479,"Lunch Run",0,"FALSE",2,"2016-10-25T16:03:53Z","2016-10-25T11:03:53Z",38.65,38.65,-90.3,-90.3,"(GMT-06:00) America/Chicago",51.4,0,"FALSE","Run","835007490","0",0
"5",10,1,"11307443",1,12.4668,2,"FALSE",17.3878,6332,176,139,38.65,-90.3,"CB989275-4458-47D8-B54E-F1F3D04870B6","FALSE","g1762053","FALSE","FALSE","754093784",1,"Saint Louis","United States","Missouri","FALSE","a754093784",2,"kh{jFfxcfPnG_}A|H_Jn@iGcCuNv@mM`H{QnFyAlAsPlFiHpCxAhLeC|HdE~SuDvG|AlAdDVdR_A|@iKaCgAlQQhOlCbOwB`BSfFhAlC@jTrBtNmA|SmAj@KpUgBnGBrEoBr@xA`Oe@vEgCdAg]{Cwm@eMoAcBvGa}A~HwIr@cG}BaNj@{MtFwOxGkDlAwOdFaI`D`B|AcBjIc@nInE`Kk@xFsCvI|D`AzOgAxE}KwAsA`]tCnRaCpBSxEpA`DX|[|ApDmAtUqA`@f@hGqCd\uBpAG~Uma@{Buc@qJ",23.04,5021,"Afternoon Run",0,"FALSE",2,"2016-10-23T20:13:08Z","2016-10-23T15:13:08Z",38.65,38.65,-90.3,-90.3,"(GMT-06:00) America/Chicago",102.9,0,"FALSE","Run","833235301","0",0
"6",12,1,"11307443",1,13.5936,2,"FALSE",10.3014,2794,176.1,138.8,38.65,-90.3,"449AA267-1A61-473B-A41A-EB3FD761F058","FALSE","g1762053","FALSE","FALSE","751807476",1,"Saint Louis","United States","Missouri","FALSE","a751807476",2,"kh{jFdvcfPzGy}ApH_Gj@oHaCmMhAsEIyHfFaJf@yDtFaBrAgPpF{HfC|ArLeCtHlEpSwDvH|AhB`NStH_Az@}JsCs@`Iq@|WpCfOsBzA[nFfBjKeAdC~@jP`BpFiAzSqAj@f@fGw@vM_BzLoBhAvAdNa@dFcCpAq[iCmp@gN",29.16,2728,"Afternoon Run",0,"FALSE",2,"2016-10-21T22:13:04Z","2016-10-21T17:13:04Z",38.65,38.65,-90.3,-90.3,"(GMT-06:00) America/Chicago",62.8,0,"FALSE","Run","830601110","0",0
"7",3,1,"11307443",1,13.1184,0,"FALSE",4.9848,1395,176.2,146.4,38.65,-90.3,"1B3D2455-19CC-40D0-95C8-72F4901268DC","FALSE","g1762053","FALSE","FALSE","750618284",0,"Saint Louis","United States","Missouri","FALSE","a750618284",2,"gh{jFvycfP|g@pLpf@dElB{BiAoStByAtC}d@yCbe@uBrAzApPk@fD_Bt@{f@uEef@wK",17.64,1368,"Morning Run",0,"FALSE",2,"2016-10-20T15:39:31Z","2016-10-20T10:39:31Z",38.65,38.65,-90.3,-90.3,"(GMT-06:00) America/Chicago",49.4,0,"FALSE","Run","829226751","0",0
"8",7,1,"11307443",1,12.9816,0,"FALSE",10.3964,2957,176.5,138.8,38.65,-90.3,"813C7129-BEA3-420C-9AD9-3D8A6AEE3235","FALSE","g1762053","FALSE","FALSE","749558368",1,"Saint Louis","United States","Missouri","FALSE","a749558368",2,"yg{jFbycfP~Fg_B|H_Ih@cGyB}Np@eMbGyPpGmCdAoOzFmIjCjBjLmCjHnExKa@dGsCfIjCx@nV{L}As@|Ig@hWrC`OiC`BI|EjB|KKvSzAhGm@tPgBdCd@`N}CnUiBjAxAtNk@fFe_@qAci@_Lbg@tKqf@uK",21.6,2883,"Morning Run",0,"FALSE",2,"2016-10-19T13:20:47Z","2016-10-19T08:20:47Z",38.65,38.65,-90.3,-90.3,"(GMT-06:00) America/Chicago",71,0,"FALSE","Run","827989464",NA,0
"9",7,1,"11307443",1,12.9636,2,"FALSE",10.6309,3842,176.1,139.2,38.65,-90.3,"1048BB50-72EA-4300-909C-7504D20BD0C2","FALSE","g1762053","FALSE","FALSE","747723333",1,"Saint Louis","United States","Missouri","FALSE","a747723333",2,"of{jFnzcfPfo@xMx[hCvCcA^}EuAcOlBkAbAiHl@cZrAw@z@qR}AuHRuSoBwJZgGvByAyC}NJaOvAcRxJrCfAmASaRiAoC_IuBuNrDoMeEwH\oBhB}BeBqF`HwAnQkGxBkGrQq@bMtBxNe@zFyHpHsGp~Aps@zOcr@eN",17.64,2952,"Morning Run",0,"FALSE",2,"2016-10-17T15:46:30Z","2016-10-17T10:46:30Z",38.65,38.65,-90.3,-90.3,"(GMT-06:00) America/Chicago",72.3,0,"FALSE","Run","825849567",NA,0
"10",4,1,"11307443",1,13.2264,0,"FALSE",4.9164,1393,176.2,146.3,38.65,-90.3,"9C7D88A2-557C-4B41-A07E-EA81AB866EA1","FALSE","g1762053","FALSE","FALSE","747200745",1,"Saint Louis","United States","Missouri","FALSE","a747200745",2,"ch{jFpycfP`d@pKjj@vFzBuDiAuRzA}@|AuM`A}Ne@_FUbV{ApMyBpAxA`Pa@lD_BdAe`@mDqm@wM",20.88,1338,"Evening Run",0,"FALSE",2,"2016-10-17T00:07:36Z","2016-10-16T19:07:36Z",38.65,38.65,-90.3,-90.3,"(GMT-06:00) America/Chicago",49.1,0,"FALSE","Run","825109864",NA,0
"11",5,1,"11307443",1,13.4028,0,"FALSE",5.048,1385,176.2,145.6,38.65,-90.3,"1A9C777E-AD73-40E9-A2D2-DACC061501F9","FALSE","g1762053","FALSE","FALSE","745847103",1,"Saint Louis","United States","Missouri","FALSE","a745847103",2,"eg{jFdzcfPph@pL`e@bE|AsA`@uDyAgP|BiAfCi\i@uEr@pBwAr\aDdGv@tQcCfB}d@}D{e@gK{B{ANeEUhD",19.44,1356,"Afternoon Run",0,"FALSE",2,"2016-10-15T21:54:58Z","2016-10-15T16:54:58Z",38.65,38.65,-90.3,-90.3,"(GMT-06:00) America/Chicago",49,0,"FALSE","Run","823291292",NA,0
"12",6,1,"11307443",1,13.2948,2,"FALSE",5.0488,1459,176.4,143.9,38.65,-90.3,"82E3C87B-A8EF-4865-9F05-D4556E0A7591","FALSE","g1762053","FALSE","FALSE","744664661",1,"Saint Louis","United States","Missouri","FALSE","a744664661",2,"}f{jFdzcfPph@lLbe@dEpBwCkAiRrBiBzByV[uKp@bBwAj]wC|Fx@`QcCvCge@kE_f@wK}BwB`@cEMnG",20.88,1367,"Afternoon Run",0,"FALSE",2,"2016-10-14T21:42:29Z","2016-10-14T16:42:29Z",38.65,38.65,-90.3,-90.3,"(GMT-06:00) America/Chicago",49.9,0,"FALSE","Run","821754001",NA,0
"13",14,1,"11307443",1,13.2012,0,"FALSE",9.1626,2536,176,139.2,38.65,-90.3,"3045C113-0A15-470C-BD98-7D360179FDB1","FALSE","g1762053","FALSE","FALSE","743875897",1,"Saint Louis","United States","Missouri","FALSE","a743875897",2,"ah{jFdycfPrh@`Mpe@jEfBuAXqFuAkMrBoA|A_NNoUzAq@v@kSwAqE_@}Or@mDwBeKLmFfCwByCwNRyNlA}QvJhCjAu@O{RgAuCyHiBgGxCeKn@gIaFcLlCiC}AuF`IeApOcGvBuG|Rm@zL`C|Mw@lGuHhHaGh`B",23.4,2499,"Afternoon Run",0,"FALSE",2,"2016-10-13T22:40:01Z","2016-10-13T17:40:01Z",38.65,38.65,-90.3,-90.3,"(GMT-06:00) America/Chicago",53.8,0,"FALSE","Run","820824775",NA,0
"14",7,2,"11307443",1,13.3092,0,"FALSE",4.9908,1452,175.6,145.8,38.65,-90.3,"E7D5DFD7-B68A-47A4-B567-20285E895300","FALSE","g1762053","FALSE","FALSE","741922766",1,"Saint Louis","United States","Missouri","FALSE","a741922766",2,"mg{jFfzcfPjq@fN`\zBlAwDkCcImLCqIaEfBuYzBiALtQ|GrNyHKGjDbDpCOxBaPc@el@yLyBmAXwDY`D",22.32,1350,"Evening Run",0,"FALSE",2,"2016-10-11T23:08:41Z","2016-10-11T18:08:41Z",38.65,38.65,-90.3,-90.3,"(GMT-06:00) America/Chicago",48.1,0,"FALSE","Run","818552203",NA,0
"15",10,1,"11307443",1,13.0212,1,"FALSE",8.8861,2632,176.2,139,38.65,-90.3,"E8FD2821-F1F5-40FD-8DDC-30926E4DD9F0","FALSE","g1762053","FALSE","FALSE","740953139",1,"Saint Louis","United States","Missouri","FALSE","a740953139",2,"oa{jFr{cfPng@~Krc@~Aa@cTbDyFlAyWs@wGxAe@t@{T{AgETgTsBmKNuF`CiB{CiPVoMnAcR`MzAs@mVuIiCoRzDkJwE{KlCiDyAeFjIeAnOuGbC}F`Qo@bM`CzNu@nFwHjJyGr{AdBjC",19.44,2457,"Evening Run",0,"FALSE",2,"2016-10-10T23:59:45Z","2016-10-10T18:59:45Z",38.65,38.65,-90.3,-90.3,"(GMT-06:00) America/Chicago",54.3,0,"FALSE","Run","817433822",NA,0
"16",2,1,"11307443",1,12.9888,3,"FALSE",4.9976,1473,175.8,143.9,38.65,-90.3,"5466CF19-9595-44C9-B87E-4E98111B6FF9","FALSE","g1762053","FALSE","FALSE","738648217",1,"Saint Louis","United States","Missouri","FALSE","a738648217",2,"gh{jFjycfPro@lNl^tCfBiEoCgH{N[mGaEbC_XaBjQlCnA`CdGcB`@?tExDPhBnG{TcBcl@sLqBwAb@iK]vG",18.36,1385,"Afternoon Run",0,"FALSE",2,"2016-10-08T22:24:16Z","2016-10-08T17:24:16Z",38.65,38.65,-90.3,-90.3,"(GMT-06:00) America/Chicago",44.2,0,"FALSE","Run","814801806",NA,0
"17",8,1,"11307443",1,13.14,0,"FALSE",8.8475,2942,176.1,138.9,38.65,-90.3,"16519141-BB41-4C3D-8122-9A8D50F5D881","FALSE","g1762053","FALSE","FALSE","736646161",1,"Saint Louis","United States","Missouri","FALSE","a736646161",2,"cg{jFfzcfPvm@vM`^zCpCkALyLcAaGrBiB[eCrAoCzAkTk@}EzAq@|@sSuA_FA}U_BkJNiF~BsBsC}NL{NhAqQdK|B`A{@SuRoAuCoH}AmSrDaIsEyHj@eBhBeCeBwFtHiA`PkGxBeGtPw@dOzB`Mq@`HgIjIyFt~A",18.36,2424,"Afternoon Run",0,"FALSE",2,"2016-10-06T21:19:12Z","2016-10-06T16:19:12Z",38.65,38.65,-90.3,-90.3,"(GMT-06:00) America/Chicago",54.8,0,"FALSE","Run","812390620",NA,0
"18",2,1,"11307443",1,12.7296,0,"FALSE",4.9215,1437,181.6,154.7,38.66,-90.31,"704ECD2E-1010-4052-BE01-3CA8407E1D0B","FALSE","g1762053","FALSE","FALSE","735310266",0,"Saint Louis","United States","Missouri","FALSE","a735310266",2,"ws}jFjaefPv@hHjOpBqNnrCpN{rCiPcB",18,1392,"Lunch Run",0,"FALSE",2,"2016-10-05T16:20:35Z","2016-10-05T11:20:35Z",38.66,38.66,-90.31,-90.31,"(GMT-06:00) America/Chicago",26.7,0,"FALSE","Run","810841294",NA,0
"19",2,1,"11307443",1,12.7944,0,"FALSE",4.972,1485,181.5,154.8,38.66,-90.31,"9350C459-D541-4737-B8AF-4A0E66AAAFCE","FALSE","g1762053","FALSE","FALSE","734635674",1,"Saint Louis","United States","Missouri","FALSE","a734635674",2,"qr}jFd`efP[|GvPfDqAnINzHsLx}BnNcsCcPmC",16.56,1399,"Afternoon Run",0,"FALSE",2,"2016-10-04T22:58:58Z","2016-10-04T17:58:58Z",38.66,38.66,-90.31,-90.31,"(GMT-06:00) America/Chicago",26.6,0,"FALSE","Run","810033114",NA,0
"20",4,1,"11307443",1,12.6792,1,"FALSE",5.008,1481,181.5,154.5,38.66,-90.31,"0D5E5F2B-A1D7-491D-A45A-41E15C248D6E","FALSE","g1762053","FALSE","FALSE","733118547",1,"Saint Louis","United States","Missouri","FALSE","a733118547",2,"ot}jFnaefPCfHlRvBcBbJoFr}AyDth@hD_a@xGk{AOeJlAqIyOuC",17.64,1422,"Morning Run",0,"FALSE",2,"2016-10-03T14:48:28Z","2016-10-03T09:48:28Z",38.66,38.66,-90.31,-90.31,"(GMT-06:00) America/Chicago",26.9,0,"FALSE","Run","808319342",NA,0
"21",5,1,"11307443",1,12.1176,0,"FALSE",8.3688,3057,174.7,138.6,38.65,-90.3,"A683FB47-E180-4408-B3C2-16B6CFFAC1E1","FALSE","g1762053","FALSE","FALSE","732179664",0,"Saint Louis","United States","Missouri","FALSE","a732179664",2,"wh{jFbvcfPdHs}AjHgGr@wGaCoNz@mMlGmQ|FiBtAoPxEiH|CzAhJqCbJtEfIStIgDbIrBhBjN_@rHoMu@mAx\|CnRyBxAYlEpArDTnIoAf@bDpZaAjQqAb@UfVuAzLwBrAD~C_OvOeZcC}d@}K",32.76,2486,"Morning Run",0,"FALSE",2,"2016-10-02T15:03:17Z","2016-10-02T10:03:17Z",38.65,38.65,-90.3,-90.3,"(GMT-06:00) America/Chicago",50.6,0,"FALSE","Run","807229757",NA,0
"22",4,1,"11307443",1,12.2832,0,"FALSE",8.4242,3139,176.2,138.8,38.65,-90.3,"F499A607-CD8D-48AC-BC06-D9EB8A52443B","FALSE","g1762053","FALSE","FALSE","729024947",1,"Saint Louis","United States","Missouri","FALSE","a729024947",2,"_g{jFfzcfPxo@tMl\|CjCmB}@oTpBgAYgCvD}Wu@yGvA_@x@aS{A{ILqRkBiJPmFzBeB{CkRz@uXz@eE~KzBCcOaMuJgPdDgJaFuHb@eBpB_DyA_FnHaApOcGxBoGvPu@bOxBfOoJ|PyGj|A",18,2469,"Lunch Run",0,"FALSE",2,"2016-09-29T16:50:25Z","2016-09-29T11:50:25Z",38.65,38.65,-90.3,-90.3,"(GMT-06:00) America/Chicago",54.2,0,"FALSE","Run","803676394",NA,0
"23",6,1,"11307443",1,12.438,1,"FALSE",8.5743,3030,175.8,139,38.65,-90.3,"BDCCCB4A-ADA5-4598-B03E-C2288982A91A","FALSE","g1762053","FALSE","FALSE","725836351",1,"Saint Louis","United States","Missouri","FALSE","a725836351",2,"}g{jFvycfPvo@dN|\~CnC{ARkG_BaH\iDbBu@e@eCxBsI|@iNi@uE|AiAx@aTuAgDg@kP|@}B}BqM\aFpBwAwCoPRwMtAeRtLiHq@oJsIeCoGxCoKd@gFqDaK@mBbByByAqFzGuAnP{FnByGjQq@pNtBdNq@hGwHfIwG`}A",20.16,2482,"32% Humidity Run :::)",0,"FALSE",2,"2016-09-26T16:46:21Z","2016-09-26T11:46:21Z",38.65,38.65,-90.3,-90.3,"(GMT-06:00) America/Chicago",53.1,0,"FALSE","Run","800004216",NA,0
"24",2,1,"11307443",1,11.898,2,"FALSE",8.5215,3079,176.3,138.6,38.65,-90.3,"7961264E-DA58-40E2-BC26-81C67F47CCD4","FALSE","g1762053","FALSE","FALSE","723895188",1,"Saint Louis","United States","Missouri","FALSE","a723895188",2,"}e{jFtzcfPlk@`Ml`@bD|BuAe@aT`DoGpAyVy@}FxAcA|@qT{AmEPgTmBaK~@sSiAoGP{LrAiRxJdCbA{@cAiV}I}BuRxDkIyEqLpCwBcBgCvBqD~JMbJkFvAyGnQcAlNbCzNqJdRuGl}A",19.8,2578,"83% Humidity Run :::(",0,"FALSE",2,"2016-09-25T02:28:54Z","2016-09-24T21:28:54Z",38.65,38.65,-90.3,-90.3,"(GMT-06:00) America/Chicago",54.9,0,"FALSE","Run","797770110",NA,0
"25",3,1,"11307443",1,11.7936,1,"FALSE",8.1845,3511,176.1,138.8,38.65,-90.3,"7706BC73-0AF7-4701-BD4C-7687F307128A","FALSE","g1762053","FALSE","FALSE","722161095",1,"Saint Louis","United States","Missouri","FALSE","a722161095",2,"{g{jFtycfP~o@jNj]xC`C{AeA}TzBkBvFeu@?wEyAiDDaV_B}IbAqGuAuTz@iTx@sHtLbBs@mVyIwCaGvC{Jd@wFkDwVvAoCjF_AxOcGxBqGvQq@~LzBpNy@jGiH`HeH`~AlEhC",18,2498,"80% Humidity Run",0,"FALSE",2,"2016-09-23T13:46:52Z","2016-09-23T08:46:52Z",38.65,38.65,-90.3,-90.3,"(GMT-06:00) America/Chicago",54.4,0,"FALSE","Run","795773908",NA,0
"26",3,1,"11307443",1,12.1392,0,"FALSE",8.7774,2975,176.3,139.1,38.65,-90.3,"EF84130E-8079-49F0-A4E4-AB0A77F5D817","FALSE","g1762053","FALSE","FALSE","717343341",1,"Saint Louis","United States","Missouri","FALSE","a717343341",2,"yg{jFvycfPho@dNl^tCdCiAo@{S`DwGrAuVs@gHjA_@bA}RaBcKEuXmAsBN{FtBuBsCsOZqNlAoQ`MpAPwHuAyL{I_CgQ~D}J{EaLlC{C{AqF`I_AxOeGnBaG|Pw@lNrBlNm@~FqGvFgIjaB",18,2603,"Evening Run",0,"FALSE",2,"2016-09-19T01:15:21Z","2016-09-18T20:15:21Z",38.65,38.65,-90.3,-90.3,"(GMT-06:00) America/Chicago",54.5,0,"FALSE","Run","790286882",NA,0
"27",5,1,"11307443",1,11.97,0,"FALSE",8.9314,2860,175.7,138.7,38.65,-90.3,"57E4D73E-8483-4C90-A38B-BD266A8542BA","FALSE","g1762053","FALSE","FALSE","715967068",1,"Saint Louis","United States","Missouri","FALSE","a715967068",2,"oe{jFxzcfP`l@zLh^xCxCmAa@uSvCkFxAgXq@sGpAm@v@}RqA{FBqUiBmJToFvBcBqCgPTwMlAgR~LpAy@{U_JqCeS~DsK{EuInCeDwAoEnHsA~OsFbBwGfQ{@nN~BdNq@xGwH~IcGt~A",18,2686,"Evening Run",0,"FALSE",2,"2016-09-18T01:26:44Z","2016-09-17T20:26:44Z",38.65,38.65,-90.3,-90.3,"(GMT-06:00) America/Chicago",54.3,0,"FALSE","Run","788763410",NA,0
"28",1,1,"11307443",1,11.9736,2,"FALSE",7.0079,3565,175.9,138.7,38.64,-90.28,"B940914D-F478-4330-91DC-BCCA9B511024","FALSE","g1762053","FALSE","FALSE","710893142",1,"Saint Louis","United States","Missouri","FALSE","a710893142",2,"{g{jFfzcfPjo@~Mp]vCfCuAaAqTxBkBlCo\g@iFtAo@~@iTqAuDDqSeBwNPmExBkB}CqPVsLtAuRvJjClA{@YuS_BcCwGuAgGrCwJh@yI_FkLxCsD_A{EdIq@fNaGfCcGhPaAzN|BjMm@dF",16.2,2107,"Morning Run",0,"FALSE",2,"2016-09-13T14:49:51Z","2016-09-13T09:49:51Z",38.65,38.65,-90.3,-90.3,"(GMT-06:00) America/Chicago",43.5,0,"FALSE","Run","783113981",NA,0
"29",3,1,"11307443",1,12.0744,0,"FALSE",8.8605,3007,176,138.6,38.65,-90.3,"82EEAD9F-4F1F-4406-8DD0-A8B6C8DC16DE","FALSE","g1762053","FALSE","FALSE","709173905",1,"Saint Louis","United States","Missouri","FALSE","a709173905",2,"yf{jFlzcfPlp@xMv[rC|BsAw@aUpBaB~@aInAiSq@wDdBmAv@sSsAkED_UiBgKR}F|BuBwCeOTuQlAqN~LrAk@oUgJaDcRrDyKsE{JnC}CuAwErHcA~NsGxCmGjRm@tLzBnNo@dGgH`GoHh_B",23.76,2642,"Afternoon Run",0,"FALSE",2,"2016-09-11T22:55:42Z","2016-09-11T17:55:42Z",38.65,38.65,-90.3,-90.3,"(GMT-06:00) America/Chicago",54.1,0,"FALSE","Run","781187036",NA,0
"30",6,1,"11307443",1,11.9052,0,"FALSE",8.4472,3087,176.2,139.2,38.65,-90.3,"F23E1149-9F90-4E0B-9E31-A545177629D6","FALSE","g1762053","FALSE","FALSE","707668179",1,"Saint Louis","United States","Missouri","FALSE","a707668179",2,"qf{jFjzcfPvi@lLvb@bEfBaA\yFmAgNdBkAdAcIpAkSm@cE|Ay@z@mO}BmZ|@eD}BkLZgFxBcB{CkRt@gUn@wHbMdBg@qUaJaDoLnD{e@a@mBtDsAhPyFhByGrRo@rL|B`Nq@vGsH`H{Gf}A",20.16,2554,"Afternoon Run",0,"FALSE",2,"2016-09-10T22:23:15Z","2016-09-10T17:23:15Z",38.65,38.65,-90.3,-90.3,"(GMT-06:00) America/Chicago",44.1,0,"FALSE","Run","779540987",NA,0
"31",2,1,"11307443",1,11.6964,0,"FALSE",8.1734,3698,176.1,139.2,38.65,-90.31,"DED56A62-9BC3-444C-9EDD-04E6C98ED400","FALSE","g1762053","FALSE","FALSE","704849451",1,"Saint Louis","United States","Missouri","FALSE","a704849451",2,"e}zjF`}cfPjf@bKz[tCpCyA_AiUzBkAc@eCpAuC|AaTu@aEjBcBx@wRwAkFaBic@NuDtBwAyCmQv@eU~@yIrL|ASoPiNsGqQ|BaHkE_LlCsCyAuE~GsAnPgG~BeG~Py@hNzBvMkJrRcHr_BiBrRyBtBItB",18.36,2516,"Morning Run",0,"FALSE",2,"2016-09-08T12:38:06Z","2016-09-08T07:38:06Z",38.65,38.65,-90.3,-90.3,"(GMT-06:00) America/Chicago",63.1,0,"FALSE","Run","776442120",NA,0
"32",3,1,"11307443",1,11.7684,1,"FALSE",7.5165,4122,176,138.6,38.65,-90.3,"D0991C17-1073-449C-AD52-8F3BCE7044DC","FALSE",NA,"FALSE","FALSE","695664772",1,"Saint Louis","United States","Missouri","FALSE","a695664772",2,"e}zjFz|cfPxg@lKxYdC`DcAu@qUnB{AzByVWeKxA{@VcE{Cew@TkF|BsB}CyOh@kRfAmMbK~BfA}AKyHsE_MiEkAsFvCmJd@mJuEqKrC_DwAuFhI}@~NcGvBsGfRq@xLzB~N_K`TaG`xA",17.28,2299,"Morning Run",0,"FALSE",2,"2016-08-31T14:51:04Z","2016-08-31T09:51:04Z",38.65,38.65,-90.3,-90.3,"(GMT-06:00) America/Chicago",41.2,0,"FALSE","Run","766564821","0",0
"33",7,1,"11307443",1,12.2796,1,"FALSE",8.9502,3616,175.8,139,38.65,-90.3,"597EE937-48F2-420E-8080-E6612E7988C8","FALSE",NA,"FALSE","FALSE","690815232",1,"Saint Louis","United States","Missouri","FALSE","a690815232",2,"a`{jFj|cfPrf@hKn^~CnCoAToF{AyMzBeAzAoNr@aNo@sE~As@x@_U}AcGRuSsB{If@qGnB}A_DuPh@uQhAiMzJtC`AgAQiRwAcD{HyAmFnCeKp@oI_FkLjCqB}AkG`I_AtOyFpBiHvQg@|M`C|Mw@rGoHtGaHz}AzCvC",18.72,2624,"Morning Run",0,"FALSE",2,"2016-08-27T13:45:35Z","2016-08-27T08:45:35Z",38.65,38.65,-90.3,-90.3,"(GMT-06:00) America/Chicago",54.1,0,"FALSE","Run","761257833","0",0
"34",5,1,"11307443",1,12.2328,0,"FALSE",8.0468,3416,175.9,139,38.65,-90.3,"6FC210AC-36C6-4208-BD30-C238A65F4673","FALSE",NA,"FALSE","FALSE","688564949",1,"Saint Louis","United States","Missouri","FALSE","a688564949",2,"y}zjFr|cfPde@lKj^jCxBiA_AoUrBaA[mBtBuIPeUxAkAx@eSaBwGTsSmAkIq@c_@|@iTt@mIzLxAi@yUuJwCoR|D_LyEcJnCsCyAcF~H{@jOoG`C}FxO{@~NxB`OeKnZcGrsAbDhC",20.52,2368,"Morning Run",0,"FALSE",2,"2016-08-25T13:52:43Z","2016-08-25T08:52:43Z",38.65,38.65,-90.3,-90.3,"(GMT-06:00) America/Chicago",54.4,0,"FALSE","Run","758837774","0",0
"35",5,1,"11307443",1,12.3444,0,"FALSE",8.6365,3105,175.6,139.1,38.65,-90.3,"F00D7A82-A5B3-4880-86D7-A22FDB7699DF","FALSE",NA,"FALSE","FALSE","686707028",1,"Saint Louis","United States","Missouri","FALSE","a686707028",2,"wh{jFtxcfPzGy~ApHyHr@kGgCoNfAgEK}G~GgQpFwApAiPjDiG|Ep@tIsCtK~EfSsDrH`B|@zBT~RgA|@_KcCkAfQItj@`B|ICnUvAtE{@bTwAp@E`ViBdMuBfBvAhLa@fGgChAwZmCcq@eN",19.8,2519,"Afternoon Run",0,"FALSE",2,"2016-08-23T22:07:48Z","2016-08-23T17:07:48Z",38.65,38.65,-90.3,-90.3,"(GMT-06:00) America/Chicago",51.2,0,"FALSE","Run","756851400","0",0
"36",3,1,"11307443",1,12.2364,2,"FALSE",7.9089,3246,176.2,138.6,38.65,-90.3,"40182B33-FCF8-47E4-9180-B1A02AF8B39C","FALSE",NA,"FALSE","FALSE","684520717",1,"Saint Louis","United States","Missouri","FALSE","a684520717",2,"gd{jF|{cfP|p@fMhX|B`DkBg@ySjDsFdA}Zy@oC~AcAv@{R_Emi@XgF`CcB_DyNLsNvAwR|L|AgAwVoIaC{RzDmI}EmL|CwBgBeItTMnDmGnCaGxPo@dM~BfNs@fGiCbCcElOcGdrA",18.36,2327,"WHY NO FIVE Run",0,"FALSE",2,"2016-08-22T02:32:11Z","2016-08-21T21:32:11Z",38.65,38.65,-90.3,-90.3,"(GMT-06:00) America/Chicago",43.6,0,"FALSE","Run","754510609","0",0
"37",3,1,"11307443",1,12.096,0,"FALSE",8.4494,3911,175.7,138.6,38.65,-90.3,"189ED12B-8E66-4D16-9064-EED53453D7A0","FALSE",NA,"FALSE","FALSE","680021886",1,"Saint Louis","United States","Missouri","FALSE","a680021886",2,"mh{jFxxcfPfGu~A|HeIp@iG{BsNl@uLrCuHoBmDdCjChCqHvE{@jAmO|EuIjD|AvBsBlH]lJlEhRwDdHfBlAfDTnQaApAgKmCgAnRtAlkAzAnEw@|QeBlBf@nGmCt[uBzAvAzNi@pEcC`Ao`@qD{k@kM",16.56,2515,"Evening Run",0,"FALSE",2,"2016-08-18T01:23:51Z","2016-08-17T20:23:51Z",38.65,38.65,-90.3,-90.3,"(GMT-06:00) America/Chicago",52.1,0,"FALSE","Run","749645608","0",0
"38",9,1,"11307443",1,11.3868,2,"FALSE",16.2876,7090,176.1,139,38.64,-90.3,"3CA3B049-3941-421F-9DB0-605FD876C8B0","FALSE",NA,"FALSE","FALSE","677596538",1,NA,"United States",NA,"FALSE","a677596538",2,"}ayjFjkdfPfIbAhBsAy@cUrBmAc@_BbBoEnAcSi@uFtAYXgCd@eQyAmFYw[iAmBZ_GpB}AoCiPpAy_@|KhBx@mBs@iS_JgD_SzD{I_FaLpCeDyAoFxKm@dM}FjBmGpP}@pN|BlNw@nGuHjIsG~}Avd@`Llj@xFlB}DeAoRxAy@nA{HxAoTs@sD|Au@`AyTmAyCC}UoBqKPiF`CgBcDsQzAm]dMl@IkRj@nKs@rFwLcAwAv\xCrR}BjBOlEjArCXr[xA`HcAfSuAnAf@pEuAxSgAbH_BfAnAlM[rFkJ|@if@}G",18.72,5149,"Evening Run",0,"FALSE",2,"2016-08-16T01:13:19Z","2016-08-15T20:13:19Z",38.64,38.64,-90.3,-90.3,"(GMT-06:00) America/Chicago",106.5,0,"FALSE","Run","747027617","0",0
"39",7,1,"11307443",1,11.916,0,"FALSE",16.194,5456,176,138.9,38.63,-90.3,"D69F0B7F-B7EE-4B28-9634-6E5BD21BA68B","FALSE",NA,"FALSE","FALSE","674560536",1,"Saint Louis","United States","Missouri","FALSE","a674560536",2,"yh{jFnxcfPrGq}AzH}Ip@kG}B{N`AuNhGcPvFuAb@kLdFcLhE|@bJyCfLdFhR}D`HbBxAfDHpRaMyAmAfS[xKzC~P_ChBAjG~AdJEfU|A~EgAnSyAv@l@xD{AbU{@`HmBfAxA`LYrFgCbCc_@cDmj@}KqCgDdHu|AvH_I|@oGmCuN~@qMjFeOlGcC|@uNfGaKxC|AbLcC|HtEtScE`HpAjAxBh@zOeA|DaLiAqAn]xCtQuBhAYpFjBbLK|R|A`HkAbTgATb@xEoCz]qB~@A|A",18.72,4893,"Morning Run",0,"FALSE",2,"2016-08-13T13:46:18Z","2016-08-13T08:46:18Z",38.65,38.65,-90.3,-90.3,"(GMT-06:00) America/Chicago",96.2,0,"FALSE","Run","743732252","0",0
"40",3,1,"11307443",1,12.1896,0,"FALSE",8.3386,3970,175.6,138.9,38.65,-90.3,"D8E2D361-11AF-438C-A93D-67ED34DD84E0","FALSE",NA,"FALSE","FALSE","671441614",1,"Saint Louis","United States","Missouri","FALSE","a671441614",2,"}f{jFfzcfP{@yAT{JdGiqAzHgIl@sG_CeNt@cN~GcQpF{AtAwPtE_HhDpAfJuCjK|EfS_ErHzBdB|MUnGeAbA}JeCw@xKg@jTnCrO}BjBKbGfBdKKhS|AnFaApTuAhAQzToBpIXlBy@Ts@xW}`@aBao@{N",17.64,2463,"Lunch Run",0,"FALSE",2,"2016-08-10T16:50:43Z","2016-08-10T11:50:43Z",38.65,38.65,-90.3,-90.3,"(GMT-06:00) America/Chicago",50.7,0,"FALSE","Run","740334872","0",0
"41",2,1,"11307443",1,11.9412,0,"FALSE",8.412,3848,176.4,138.6,38.65,-90.3,"9E158017-87B7-40A8-A198-FD04EB175D25","FALSE",NA,"FALSE","FALSE","669538472",1,"Saint Louis","United States","Missouri","FALSE","a669538472",2,"kh{jFzxcfPvGq~AnHeIr@cHcC}LfAqFQuFxGyQ~FeBByIhB}FzEiG~BdBzLoC`IpEtI]rH_DzG|AtBpN]zHwL_Bk@pFw@zW`BlMg@|_@bCnYeA~OqAd@IhVwBbIPfDeBt@x@lU_C~@c_@_D{n@cO",18,2536,"Evening Run",0,"FALSE",2,"2016-08-09T00:50:27Z","2016-08-08T19:50:27Z",38.65,38.65,-90.3,-90.3,"(GMT-06:00) America/Chicago",52.8,0,"FALSE","Run","738270606","0",0
"42",4,1,"11307443",1,11.88,0,"FALSE",9.137,2821,176.3,138.6,38.65,-90.3,"38925A44-FD9F-4AC9-BC00-825929B62EC6","FALSE",NA,"FALSE","FALSE","668453240",0,"Saint Louis","United States","Missouri","FALSE","a668453240",2,"qh{jFxwcfPrG}|AzHsIx@cGeCuNn@}LxGqRrFwAlA_P|FqIjC~AjLgCrIxExR}DlIjCnAvM_@bHeLoBs@rC{@`\lCvPsBxAYrFlAtBD|YfBlJcA|RkAp@IfVeBhMmBfApAhNc@jFoCx@e]_Dcp@kO",18.36,2769,"Evening Run",0,"FALSE",2,"2016-08-08T00:46:37Z","2016-08-07T19:46:37Z",38.65,38.65,-90.3,-90.3,"(GMT-06:00) America/Chicago",52.2,0,"FALSE","Run","737087447","0",0
"43",7,1,"11307443",1,12.2868,0,"FALSE",8.3414,3162,176,138.8,38.65,-90.3,"18E9E51B-1950-4B53-BF52-2BCBC5961CEC","FALSE",NA,"FALSE","FALSE","665915297",1,"Saint Louis","United States","Missouri","FALSE","a665915297",2,"wh{jFbxcfPrG{{Ab@mCvGmFz@qGaCmNx@_NnGqQxFcBtAmPtF{HdChBzBqBhIOhHjElS}DfHbBpBrN_@zHsMy@mAh]pCbRuBzAOvFjBdKo@rDf@rOzArEqApToA^j@~EyEfv@wB`Aw]uCco@gN",17.28,2444,"Evening Run",0,"FALSE",2,"2016-08-06T00:40:39Z","2016-08-05T19:40:39Z",38.65,38.65,-90.3,-90.3,"(GMT-06:00) America/Chicago",52,0,"FALSE","Run","734333920","0",0
"44",2,1,"11307443",1,12.1536,2,"FALSE",8.3783,4880,176.3,139.2,38.65,-90.3,"E7F291ED-E644-4EC3-9F8B-E547F1BE3FDB","FALSE",NA,"FALSE","FALSE","663130915",1,"Saint Louis","United States","Missouri","FALSE","a663130915",2,"wg{jFlycfPxFu~A|H_Jl@iGqBmOr@gMbGiPtF}A`CuRpCyEbEx@hJcCvKvE`SkE|G`BvBvN[hHwL{Am@pFs@~YrCtO}BzAQbFbB`LCnTtArFw@tQ_BtB^fLuExo@{a@gBen@}M",18,2482,"Morning Run",0,"FALSE",2,"2016-08-03T13:00:13Z","2016-08-03T08:00:13Z",38.65,38.65,-90.3,-90.3,"(GMT-06:00) America/Chicago",51.7,0,"FALSE","Run","731317161","0",0
"45",2,1,"11307443",1,11.97,1,"FALSE",8.1674,3190,175.8,139.2,38.65,-90.3,"C8656445-DA0E-45EE-A35E-E1518F70FABF","FALSE",NA,"FALSE","FALSE","660998214",1,"Saint Louis","United States","Missouri","FALSE","a660998214",2,"ch{jFhycfP~F__BbIcIj@{G{BmNr@_LtGmR|F{B|AyPtEwG~CvAtJqC~KzEfR{DvHjCjAjVcMsAw@dKa@rUjClO_CfBIvFbB|HElV~AvEeAvTsA`@PxLoG|p@gf@{Dsg@eL",18,2456,"Morning Run",0,"FALSE",2,"2016-08-01T15:30:09Z","2016-08-01T10:30:09Z",38.65,38.65,-90.3,-90.3,"(GMT-06:00) America/Chicago",51,0,"FALSE","Run","729026661","0",0
"46",2,1,"11307443",1,11.8944,0,"FALSE",8.7956,3652,176,139.2,38.65,-90.3,"2AE24140-EE98-4A7D-BCBC-2982C321B541","FALSE",NA,"FALSE","FALSE","658434178",1,"Saint Louis","United States","Missouri","FALSE","a658434178",2,"yi{jFpocfPf@lBnG}xAxHwHp@mGaCiOj@qLjCqGgCYdCP|CsIfFeA~@_OvDoHdMq@uK?aAmBpFxDbJaCbKjEpJObHcDhIhCrApMW|G{LoAw@bKu@xRrCxPn@jt@_ArSqA^MfU_BnNmBz@tApMc@xFmCfAk^}Cyn@}N",18,2662,"Morning Run",0,"FALSE",2,"2016-07-30T12:26:27Z","2016-07-30T07:26:27Z",38.65,38.65,-90.3,-90.3,"(GMT-06:00) America/Chicago",49.6,0,"FALSE","Run","725796421","0",0
"47",0,1,"11307443",1,10.926,1,"FALSE",9.0607,4206,171.5,154.5,38.66,-90.31,"78DD3450-4F75-478E-B494-1F77E41E3282","FALSE",NA,"FALSE","FALSE","648075753",1,"Saint Louis","United States","Missouri","FALSE","a648075753",2,"_||jFlxdfPxLh@nHtElK`A?vD`CjAe@|S|DxC~EZ~Ces@iKEuB~I_Apd@dLlBrCyr@uHs@uDfFkAli@dLtBxCcr@aKi@{BtK{@~b@fLrBrBmq@_MxDsAbP}As@KkDyIg@mKcF}SoA",18.36,2985,"Evening Run",0,"FALSE",2,"2016-07-21T01:44:26Z","2016-07-20T20:44:26Z",38.66,38.66,-90.31,-90.31,"(GMT-06:00) America/Chicago",65.5,0,"FALSE","Run","714689076","0",0
"48",4,1,"11307443",1,11.7648,0,"FALSE",8.952,3601,175.9,138.7,38.65,-90.3,"26a611c9dd1ada3cdaf45b645fa68bb3","FALSE",NA,"FALSE","FALSE","638030624",1,"Saint Louis","United States","Missouri","FALSE","a638030624",2,"yh{jFpwcfPrG{~AxH}Gh@aGcC{NbA}NfHwPtF}Ar@kObGiIlCzA`LmC|IbFtR_EpH`BhAtCZfQ_AhBsCgAsH~Se@hGtCtRsBzA[`FpB`LIzStAvE}@bUwAxAd@vE_AvPkAzIiB|AlAzMi@hF{HtAwXsCqn@wN",19.44,2739,"Evening Run",0,"FALSE",2,"2016-07-12T00:40:56Z","2016-07-11T19:40:56Z",38.65,38.65,-90.3,-90.3,"(GMT-06:00) America/Chicago",52.2,0,"FALSE","Run","703991401","0",0
"49",4,1,"11307443",1,9.414,1,"FALSE",9.3292,4219,176.2,138.7,38.65,-90.3,"39e0c9ab7503e748bb0fcc8ff76bc58e","FALSE",NA,"FALSE","FALSE","637021301",1,"Saint Louis","United States","Missouri","FALSE","a637021301",2,"ah{jFpycfPQsJlG}rArHyIx@kGyBmNr@uMdGaQpGiCCoG|AiHxDkGnDfAxIcCrLxErR}DnItCf@hCyEbYViGyFi@_AvPSjNdCpPmBhBUvFhA`CNrZ~ArHs@fRaB~ACfT_BbNiBhBdAhL_@zGyBpA{^mDwm@kM",21.24,3567,"PKMN Run XD",0,"FALSE",2,"2016-07-10T23:30:42Z","2016-07-10T18:30:42Z",38.65,38.65,-90.3,-90.3,"(GMT-06:00) America/Chicago",52.2,0,"FALSE","Run","702123818","0",0
"50",4,1,"11307443",1,11.5344,0,"FALSE",8.5382,3653,176,138.5,38.65,-90.3,"c0091ca5802cf315e0d785936b33ee68","FALSE",NA,"FALSE","FALSE","634588054",1,"Saint Louis","United States","Missouri","FALSE","a634588054",2,"{g{jFnycfPYwIhGusApHwIv@aG}BeOt@wLnHmRnFeBnAsPbFgHnCzAzKsC`JzEjISnHsDxIlDvA|Nk@lFgLaBq@jD}@lZpA|GV~t@~AfEkAzTsAXn@dFm@zLeCnKZvBmB|AnAvL]pGeChAoSeAiy@uP",18,2665,"Afternoon Run",0,"FALSE",2,"2016-07-08T22:57:56Z","2016-07-08T17:57:56Z",38.65,38.65,-90.3,-90.3,"(GMT-06:00) America/Chicago",50.9,0,"FALSE","Run","697952870","0",0
"51",6,1,"11307443",1,11.826,0,"FALSE",8.8391,3155,176.5,138.8,38.65,-90.3,"d3ea83bb6e862eb09a1435fe6ffdebd3","FALSE",NA,"FALSE","FALSE","632515564",1,"Saint Louis","United States","Missouri","FALSE","a632515564",2,"qh{jFnwcfPvGc~ArHqHd@}JkBcL|@uMdEgIJyDnFmFzBuKtFyIpCrAzLeCnIvE|RyDjInCvApO_@hE{@z@wJcCaApJa@dVhCrNsBjBY`EjBlLMhS|AfIo@fPcB|BkBnc@kBfChA~Mm@~EsB`AoZcCmr@_O",31.32,2691,"Afternoon Run",0,"FALSE",2,"2016-07-06T21:18:17Z","2016-07-06T16:18:17Z",38.65,38.65,-90.3,-90.3,"(GMT-06:00) America/Chicago",52.4,0,"FALSE","Run","694134503","0",0
"52",3,1,"11307443",1,11.2212,2,"FALSE",8.4681,3750,176.1,138.9,38.65,-90.3,"73110f676d0ca283e9447fa9d90c0655","FALSE",NA,"FALSE","FALSE","630313423",1,"Saint Louis","United States","Missouri","FALSE","a630313423",2,"yh{jFxwcfPnGq~A|H}Gb@iGqBuNj@kN`H}PjFsApBqQbFaHvCzAhBaBlJWlGnE`SyDtIfCj@jByLdQ{@zNKlQbC`O{BjBCzF~AvJo@zCh@`OvAlFaGzy@kBvBp@fTaC`B{Z}Bar@qN",29.16,2717,"Afternoon Run",0,"FALSE",2,"2016-07-04T21:24:32Z","2016-07-04T16:24:32Z",38.65,38.65,-90.3,-90.3,"(GMT-06:00) America/Chicago",52.1,0,"FALSE","Run","690298947","0",0
"53",3,1,"11307443",1,11.0664,0,"FALSE",8.2518,3438,176,138.5,38.65,-90.3,"e65467c66e5a88351cc4d6a06ba678c0","FALSE",NA,"FALSE","FALSE","629234297",1,"Saint Louis","United States","Missouri","FALSE","a629234297",2,"sh{jFxucfPzGy{ApHeIj@aGsB}Nf@wLtG}QhG_Cr@sNxG{InBrAxL}BpInEfRyDtHvAbAfC@~TsKsBu@pGw@fVzCbRoCrE`BjPaAp@r@~Os@du@eCxIf@lBwBbBlAhLa@tGqCpAsZcCoq@qN",31.68,2684,"Afternoon Run",0,"FALSE",2,"2016-07-03T20:54:33Z","2016-07-03T15:54:33Z",38.65,38.65,-90.3,-90.3,"(GMT-06:00) America/Chicago",37.1,0,"FALSE","Run","688391875","0",0
"54",0,1,"11307443",1,10.6704,0,"FALSE",7.0061,2396,34,31.8,33.95,-118.18,"000988303533b63d535996b7c9168508","FALSE",NA,"FALSE","FALSE","620934393",1,"South Gate","United States","California","FALSE","a620934393",2,"{qenEl}ipUi@vO~CFn@uClGbEfVv@fBu[i@aAcYqByKlMw@lNjDl@bAwCpGbEhBy@fRrBlBcZc@_CqXaCgM`PQnM~CFd@wC|GhEtUx@xBo\yXyDcMtM",16.2,2364,"Evening Run",0,"FALSE",2,"2016-06-26T02:45:48Z","2016-06-25T19:45:48Z",33.95,33.95,-118.18,-118.18,"(GMT-08:00) America/Los_Angeles",0,0,"FALSE","Run","676745460","0",0
"55",0,1,"11307443",1,10.4868,1,"FALSE",6.7553,2862,34,31.8,33.94,-118.18,"33f8789bfffd95a22d1f0a6c6c414083","FALSE",NA,"FALSE","FALSE","615715733",1,"South Gate","United States","California","FALSE","a615715733",2,"ieenEznipUmLnNc@lNjDJx@oCbGpD|V|@xAw\uVyC_Df@sJvL{@vNpDNfAeC`GxDpVr@lAa]aXuCmMrMy@tObDTp@uClHdElUt@bB{\cNwB",15.84,2319,"Evening Run",0,"FALSE",2,"2016-06-21T02:42:40Z","2016-06-20T19:42:40Z",33.95,33.95,-118.18,-118.18,"(GMT-08:00) America/Los_Angeles",0,0,"FALSE","Run","671268612","0",0
"56",0,1,"11307443",1,11.1492,0,"FALSE",7.0744,2298,34,31.9,33.95,-118.18,"22370144fab38483635ade67d5ba3de3","FALSE",NA,"FALSE","FALSE","608569474",1,"South Gate","United States","California","FALSE","a608569474",2,"erenEr}ipU_@nOxCFrAsCzFxDpUx@lBe\_YoDmLvLaA`FGxI`D?rAsCdGvDtUz@fAk]aY}ByKjM{@jFBpHfDDv@yCnG~DtUv@zA_V]eF_XqCeL~M",20.88,2284,"Another Mush Run",0,"FALSE",2,"2016-06-14T00:14:07Z","2016-06-13T17:14:07Z",33.95,33.95,-118.18,-118.18,"(GMT-08:00) America/Los_Angeles",0,0,"FALSE","Run","663808776","0",0
"57",1,1,"11307443",1,11.4516,1,"FALSE",11.7395,3730,34,31.9,33.95,-118.18,"0ac148c26e699d5abb38477a0928eee7","FALSE",NA,"FALSE","FALSE","598244383",1,"South Gate","United States","California","FALSE","a598244383",2,"grenE~}ipU]hO`DLfA{CbG~D`C}@zQpBlAo]gXmCgMfNm@hDAbJxCNvAgDbGjElU|@pA{]iY_CwK`Mm@bFDnIpCBl@yCfH~DvUh@dBa[q@sAmW}BaLvLqAvHRlGfCEb@kCfA@hFnDrU|@fBm\yGmBgQk@cL~Mk@lNzC`@`BaDxF`E|Ut@`Bw\iYiDeL~M",24.12,3691,"Morning Run",0,"FALSE",2,"2016-06-04T14:41:56Z","2016-06-04T07:41:56Z",33.95,33.95,-118.18,-118.18,"(GMT-08:00) America/Los_Angeles",0,0,"FALSE","Run","653055146","0",0
"58",0,1,"11307443",1,10.9836,0,"FALSE",4.3754,3018,34,31.9,33.95,-118.18,"7f7dd046e53e91f5891b50c6cf30d926","FALSE",NA,"FALSE","FALSE","593269232",1,"South Gate","United States","California","FALSE","a593269232",2,"crenEn~ipUv@lOfACr@aDdH|DfU|@jBg\gYoD_MrN_@dEMjH~CPfByCvFzDfUbAvAu]oXiCaLjM",15.48,1434,"Mush Run 02",0,"FALSE",2,"2016-05-30T18:08:28Z","2016-05-30T11:08:28Z",33.95,33.95,-118.18,-118.18,"(GMT-08:00) America/Los_Angeles",0,0,"FALSE","Run","647950120","0",0
"59",1,1,"11307443",1,10.4508,1,"FALSE",11.6906,4050,34.1,31.9,33.95,-118.18,"596c91b014c4f8b35d71f92d18513848","FALSE",NA,"FALSE","FALSE","592324283",1,"South Gate","United States","California","FALSE","a592324283",2,"kqenEv|ipU_AvEPbJfCPTeBpAGtFrClBy@vQlBfBs]gY{CoLvNi@|EOhG|@f@dBB`AiDnGjExUdAjAg^eYwBmKfMkA~NzCv@~BqC|EhDzU`A`Aa^sXcC}L|OSpMvCJhAuChGbEtUx@nBk\sXgEqMfN]pCKdK`DHbAqCzFnD`VjArAu]wWuCaMnM",18.36,4027,"Mush Run",0,"FALSE",2,"2016-05-29T18:00:57Z","2016-05-29T11:00:57Z",33.95,33.95,-118.18,-118.18,"(GMT-08:00) America/Los_Angeles",0,0,"FALSE","Run","646969505","0",0
"60",0,1,"11307443",1,10.7892,2,"FALSE",4.6034,1573,34,31.9,33.95,-118.18,"1de850e7c179e7e453989a2e0779733a","FALSE",NA,"FALSE","FALSE","588108791",1,"South Gate","United States","California","FALSE","a588108791",2,"eqenEd}ipUiAxO~IiAnChCxUz@xAu]iYkCyLbOUhNhHoAdEdCpU|@rBm\uYyD{KvM",15.84,1536,"Afternoon Run",0,"FALSE",2,"2016-05-25T23:04:26Z","2016-05-25T16:04:26Z",33.95,33.95,-118.18,-118.18,"(GMT-08:00) America/Los_Angeles",0,0,"FALSE","Run","642617013","0",0
"61",6,1,"11307443",1,11.4156,0,"FALSE",9.2836,2946,176.1,138.9,38.65,-90.3,"5c831c6042165fd09b0e9f9095edefd2","FALSE",NA,"FALSE","FALSE","565715642",1,"Saint Louis","United States","Missouri","FALSE","a565715642",2,"ih{jF`xcfPnGa~AnHsHj@aHoBuMt@mN|GiQdFqArAkPvFwHdCfAjL}BpIlE~RyDhIlB~AvNYpG_MoAm@lHq@`WnCtPwBvAOnF`BjKCvSvAdH}@vRoA`AOtTwA|LuBvCrAzKk@hGcIlAeWeCmo@kNy@dC",24.48,2928,"Evening Run",0,"FALSE",2,"2016-05-04T23:49:27Z","2016-05-04T18:49:27Z",38.65,38.65,-90.3,-90.3,"(GMT-06:00) America/Chicago",52.3,0,"FALSE","Run","619507983","0",0
"62",5,1,"11307443",1,11.3112,0,"FALSE",9.4517,3077,176.5,138.6,38.65,-90.3,"818faf6fcef3bf586c7f7c580371bd2b","FALSE",NA,"FALSE","FALSE","563602199",1,"Saint Louis","United States","Missouri","FALSE","a563602199",2,"mh{jFtwcfPnGo_BtHqG^aGoBmMl@qOxGoP~FwBtAuPdEoGvDbAvIcClKvEdS_EjJpChArMc@bHo@|@gKgC}@zKg@rStClP_C`BOpFdBhIGvU~AhG{@`S{AxABlSmBxMmBlB~AjLq@`HyBzAuZaCks@iP",18.36,3008,"Evening Run",0,"FALSE",2,"2016-05-03T00:14:24Z","2016-05-02T19:14:24Z",38.65,38.65,-90.3,-90.3,"(GMT-06:00) America/Chicago",52.9,0,"FALSE","Run","617346292","0",0
"63",7,1,"11307443",1,11.6928,0,"FALSE",8.7989,3100,177,138.9,38.65,-90.3,"66c2608d76d8c7c70b70498f0cc5977b","FALSE",NA,"FALSE","FALSE","560375030",1,"Saint Louis","United States","Missouri","FALSE","a560375030",2,"qh{jF`xcfPdGi}A`IaJj@oFsB_Op@mNzGsPjF{A`BaQhFkHrCrA~KgCvI~E|RyD~HhBjAdWaMqA_AnM_@rSnC|NwBxASjGnApCN`[xArFkG`{@yAbBn@xTgBrAuJU}^eFgc@}K",22.32,2709,"Afternoon Run",0,"FALSE",2,"2016-04-29T22:36:57Z","2016-04-29T17:36:57Z",38.65,38.65,-90.3,-90.3,"(GMT-06:00) America/Chicago",52.9,0,"FALSE","Run","614010542","0",0
"64",1,1,"11307443",1,10.944,0,"FALSE",8.3756,3492,176.5,139,38.65,-90.3,"705d82ebb74d0a4d2982a095a76286be","FALSE",NA,"FALSE","FALSE","558764653",1,"Saint Louis","United States","Missouri","FALSE","a558764653",2,"mh{jF~vcfPtGa~AnHiHj@kFuBsN~@sOvGoPhFyAjAePrEeHvD`AfJ{BbKpEzJi@|FwCpJhD|@bL_@xHqLsAmAbRnAdlAvAzEeAfSkA~@OxTsAbMwBnBrAlK[lHiChBoFEeS{Bmr@sO",20.52,2755,"Evening Run",0,"FALSE",2,"2016-04-27T23:53:17Z","2016-04-27T18:53:17Z",38.65,38.65,-90.3,-90.3,"(GMT-06:00) America/Chicago",37.1,0,"FALSE","Run","612369166","0",0
"65",5,1,"11307443",1,11.196,0,"FALSE",8.1213,3488,175.7,139,38.65,-90.3,"2503c74ae44a14273ff1ebccffa5df26","FALSE",NA,"FALSE","FALSE","556913237",1,"Saint Louis","United States","Missouri","FALSE","a556913237",2,"_h{jFdycfP`Gq~AtHqIt@oGyBuNr@gN`HiQhFsAlAoObGkI|B~AhLmClI|EzR_EdHxAtAtCTvRoAx@qJcCqAhRz@jdAnBrM}@fSuA`AKzTiBfNiBr@nAfM_@lG_CfAiY{Bgs@eN",17.64,2611,"Evening Run",0,"FALSE",2,"2016-04-25T23:55:18Z","2016-04-25T18:55:18Z",38.65,38.65,-90.3,-90.3,"(GMT-06:00) America/Chicago",51.4,0,"FALSE","Run","610482408","0",0
"66",6,1,"11307443",1,10.7748,0,"FALSE",9.1609,3095,176.2,138.8,38.65,-90.3,"8d1c778d094e94e4ab647adf4b34e8ea","FALSE",NA,"FALSE","FALSE","553710228",1,"Saint Louis","United States","Missouri","FALSE","a553710228",2,"yf{jFfzcfPvg@pLba@nE`F{Al@iFmAoNxA}@dBuMTuUlAm@dAsR{AiJUiZgAqCF}DxByBoCcRr@cTx@{IhLbBd@mHmBeNwHkB{RtDeJyEuKpCsCsA_GzI}@tN{FjBaHvQk@hMzBhOq@zFyHjIuGn}A",14.76,3061,"Afternoon Run",0,"FALSE",2,"2016-04-22T21:25:37Z","2016-04-22T16:25:37Z",38.65,38.65,-90.3,-90.3,"(GMT-06:00) America/Chicago",53.9,0,"FALSE","Run","607157922","0",0
"67",11,1,"11307443",1,12.0204,1,"FALSE",8.8697,3002,175.9,138.5,38.65,-90.3,"e5d283c90376aea1feea4ba0ae6305bc","FALSE",NA,"FALSE","FALSE","551913326",1,"Saint Louis","United States","Missouri","FALSE","a551913326",2,"oh{jF|wcfPnGu~ApHyGn@_GwB}Nv@uM`H{QpFqBL{JlAcExEgGpCpAzIoCfLrEzRyDhIxBvArMUfHcMiAUtBcA~\lCnP_CxAMxFhB~IUhQ~AfP{@xMkApAHxK}F|p@s`@yBun@sN",21.24,2656,"Evening Run",0,"FALSE",2,"2016-04-21T00:05:49Z","2016-04-20T19:05:49Z",38.65,38.65,-90.3,-90.3,"(GMT-06:00) America/Chicago",51.8,0,"FALSE","Run","605196928","0",0
"68",8,1,"11307443",1,11.6244,0,"FALSE",8.9921,3290,176.8,138.5,38.65,-90.3,"744e52748ab28c56c4d5b1814614384d","FALSE",NA,"FALSE","FALSE","549654415",1,"Saint Louis","United States","Missouri","FALSE","a549654415",2,"kh{jFlxcfPzFm}AbI}Il@mGuB_Mj@gNdHaS`GeBKuF`CuKdDoEpD~AzKoCpI~EvKu@jFgDbJxDbAlPi@zEcMsB{@~QUxMxCxO}BjBQnFbBlII|U|AxFeG|y@eB|AvAtMc@~FmI`BcYyC{m@iN",40.68,2785,"Afternoon Run",0,"FALSE",2,"2016-04-18T21:54:01Z","2016-04-18T16:54:01Z",38.65,38.65,-90.3,-90.3,"(GMT-06:00) America/Chicago",49.6,0,"FALSE","Run","602837763","0",0
"69",5,1,"11307443",1,10.6776,0,"FALSE",8.9222,3432,176.2,138.8,38.65,-90.3,"2d4ea0a68e8f926be90636e7731d47be","FALSE",NA,"FALSE","FALSE","544710431",1,"Saint Louis","United States","Missouri","FALSE","a544710431",2,"qh{jFfxcfP~Fk}AfIwIj@{F}BqOz@kMlGqPdGcClA_P`FmHtClA|IeCxKjEtSsDfIpCt@`V}LgAgAzQWdMjC|PsB~ASjFbA`C\|\tA|FgGpy@{AnAl@`UkCzAg^{Cgn@wMgAzH",18.72,3008,"Evening Run",0,"FALSE",2,"2016-04-13T23:30:57Z","2016-04-13T18:30:57Z",38.65,38.65,-90.3,-90.3,"(GMT-06:00) America/Chicago",52.4,0,"FALSE","Run","597729006","0",0
"70",4,1,"11307443",1,10.314,0,"FALSE",9.15,3248,176,138.9,38.65,-90.3,"a24f6b8ae599a3214515f0c1baa4017e","FALSE",NA,"FALSE","FALSE","539541933",1,"Saint Louis","United States","Missouri","FALSE","a539541933",2,"kh{jFxtcfPnG{zA|H{Hh@gGsBmNp@cNrGaQxFsBjAoOlFcIjCxAtLmClIxEzJw@rGcDlG~BlAjCRpSyL{As@rIm@vUtC~P{B|AStEhAhDR|[rAfG}@fSuAfA`@rEwAdSw@dHoBdBxAbNi@dFcB`Ac_@eDao@oM",20.88,3194,"Afternoon Run",0,"FALSE",2,"2016-04-08T21:11:48Z","2016-04-08T16:11:48Z",38.65,38.65,-90.3,-90.3,"(GMT-06:00) America/Chicago",51.8,0,"FALSE","Run","592425096","0",0
"71",3,1,"11307443",1,11.5416,0,"FALSE",5.6431,2417,172.7,146.9,38.65,-90.31,"6d21f18afc55aa5f834c6e8936357d97","FALSE",NA,"FALSE","FALSE","536914496",1,"Saint Louis","United States","Missouri","FALSE","a536914496",2,"eo{jFrwdfPe@xi@|BbAuAlIdAtBvAuARsEaBiCtCKxEwdAxIpAf@kA|XfHrOj@}EyDEmNdC}TrAnj@}s@cJcCdW_JK]vC",17.64,1760,"Afternoon Run",0,"FALSE",2,"2016-04-05T21:21:58Z","2016-04-05T16:21:58Z",38.65,38.65,-90.31,-90.31,"(GMT-06:00) America/Chicago",50.6,0,"FALSE","Run","589762145","0",0
"72",2,1,"11307443",1,11.2068,0,"FALSE",8.7173,3334,176.2,147.2,38.66,-90.31,"fa4e8c92b4619fbd612602bca8a011c9","FALSE",NA,"FALSE","FALSE","530339142",1,"University City","United States","Missouri","FALSE","a530339142",2,"os}jFdgefPn`@rHbAGt@uTzXnG[j\bKtBlGmdA~MRxY`H|NRXcBkEmCPqDoEsClCiU]wB|CeBbBp@w@pH~@bFxGmAjIvVc@pHsBtAmfAoMcAtScIvBqHhKee@}J",20.52,2800,"Evening Run",0,"FALSE",2,"2016-03-29T23:29:02Z","2016-03-29T18:29:02Z",38.66,38.66,-90.31,-90.31,"(GMT-06:00) America/Chicago",82.1,0,"FALSE","Run","583018725","0",0
"73",1,1,"11307443",1,11.4552,0,"FALSE",5.1225,1705,171.4,154.6,38.66,-90.31,"98e1df59f71c842354ab144305f06fac","FALSE",NA,"FALSE","FALSE","521434123",0,"University City","United States","Missouri","FALSE","a521434123",2,"}s}jFdcefPNpD`b@fGdAgUzXrG]h\zKbCjC{q@sJgAcDhSkOwBoGmDwAhUka@mFi@oG",20.52,1610,"Afternoon Run",0,"FALSE",2,"2016-03-19T22:37:08Z","2016-03-19T17:37:08Z",38.66,38.66,-90.31,-90.31,"(GMT-06:00) America/Chicago",16.4,0,"FALSE","Run","573912594","0",0
"74",0,1,"11307443",1,10.9656,0,"FALSE",4.8394,1595,34.2,31.8,33.95,-118.19,"20635825a08c037d6404840c0f745eb8","FALSE",NA,"FALSE","FALSE","518077211",1,"South Gate","United States","California","FALSE","a518077211",2,"yqenEz}ipU{@hO|C\j@oBvBFxDrCxBy@|QlBpBg]qZcDeL|Me@pED`IrHmA|DzC~B{@pQjBfBw]_WaDwCp@wJbMm@bM",15.84,1589,"Afternoon Run",0,"FALSE",2,"2016-03-15T22:14:32Z","2016-03-15T15:14:32Z",33.95,33.95,-118.18,-118.18,"(GMT-08:00) America/Los_Angeles",0,0,"FALSE","Run","570507499","0",0
"75",0,1,"11307443",1,11.6496,0,"FALSE",2.3267,720,34.1,31.8,33.95,-118.18,"71f2e77ff9fb4bff462d593f34cd524e","FALSE",NA,"FALSE","FALSE","515067583",1,"South Gate","United States","California","FALSE","a515067583",2,"irenEx}ipUe@pO|CT|AkBrFrC~Ux@pB{\oY_E{LxM",15.84,719,"Morning Run",0,"FALSE",2,"2016-03-12T17:10:32Z","2016-03-12T09:10:32Z",33.95,33.95,-118.18,-118.18,"(GMT-08:00) America/Los_Angeles",0,0,"FALSE","Run","567227137","0",0
"76",3,1,"11307443",1,10.9728,1,"FALSE",8.2331,3574,174.8,147.2,38.65,-90.31,"81502493230e43aa859378a14b73a19b","FALSE",NA,"FALSE","FALSE","509386575",1,"University City","United States","Missouri","FALSE","a509386575",2,"es}jFleefPd@vBp_@hFtBiUzGlD~NzAK`]~KxBdGodAlx@nINyAqDyCwDIc@mDpBw]vB_B_@hIv@jG|GfMcHzALhEvCh@_@zBgx@aIyGndAcLgDr@k[_K}@",24.48,2701,"Lunch Run",0,"FALSE",2,"2016-03-05T18:25:22Z","2016-03-05T12:25:22Z",38.66,38.66,-90.31,-90.31,"(GMT-06:00) America/Chicago",84.3,0,"FALSE","Run","561240135","0",0
"77",2,1,"11307443",1,11.8332,2,"FALSE",3.3164,1012,175.5,154.7,38.66,-90.31,"2212d8d31da4e1670b8cba8ba240d18e","FALSE",NA,"FALSE","FALSE","488520711",1,"University City","United States","Missouri","FALSE","a488520711",2,"_t}jF~`efPXjGnPnCqAdJj@jCiFhfApEseAa@_DtAgIcPoDKmA",18,1009,"Afternoon Run",0,"FALSE",2,"2016-02-07T23:59:22Z","2016-02-07T17:59:22Z",38.66,38.66,-90.31,-90.31,"(GMT-06:00) America/Chicago",20.6,0,"FALSE","Run","540086059","0",0
"78",2,1,"11307443",1,10.422,0,"FALSE",5.1409,1787,181.5,154.6,38.66,-90.31,"392bd429e3a03ccdf6070c3890dc0238","FALSE",NA,"FALSE","FALSE","476892678",1,"University City","United States","Missouri","FALSE","a476892678",2,"qs}jFzaefPVtF|PhC_B~J{Alj@}Iv{AvNktCeP{Ai@eF",17.28,1776,"Brrr",0,"FALSE",2,"2016-01-23T21:59:32Z","2016-01-23T15:59:32Z",38.66,38.66,-90.31,-90.31,"(GMT-06:00) America/Chicago",26.4,0,"FALSE","Run","528240234","0",0
"79",1,1,"11307443",1,11.5056,0,"FALSE",5.0056,1610,34.2,31.8,33.95,-118.18,"f8a3976e332c8ced256cea10a90e161b","FALSE",NA,"FALSE","FALSE","467831766",1,"South Gate","United States","California","FALSE","a467831766",2,"esenEzcjpUWvIzDTd@oB~D`@bBxBjVz@lB}\yLeD{Lc@{LjPk@~MjDVt@wBbHzCfUj@pBo]cZwC_LlN_ApNjAyN",30.6,1566,"Afternoon Run",0,"FALSE",2,"2016-01-11T00:56:44Z","2016-01-10T16:56:44Z",33.95,33.95,-118.19,-118.19,"(GMT-08:00) America/Los_Angeles",0,0,"FALSE","Run","519100168","0",0
"80",1,1,"11307443",1,11.2104,3,"FALSE",4.9318,1639,34.1,31.8,33.95,-118.18,"219eaf2932d26231ea6ec317223387b4","FALSE",NA,"FALSE","FALSE","461747276",1,"South Gate","United States","California","FALSE","a461747276",2,"}penEz|ipUmBzKTbDdD?f@qB`H|C|Ut@lBm]_MqC{KCaLzLcAvIC~EfDRdBiBxElChE}@vOjB~Cg\gYeEsMtMy@jHd@}G",16.2,1584,"Afternoon Run",0,"FALSE",2,"2016-01-03T00:24:02Z","2016-01-02T16:24:02Z",33.95,33.95,-118.18,-118.18,"(GMT-08:00) America/Los_Angeles",0,0,"FALSE","Run","512920605","0",0
"81",7,1,"11307443",1,12.0204,0,"FALSE",5.1149,1584,34.2,31.8,33.95,-118.19,"2a050d166b263eb977788ca81f549f63","FALSE",NA,"FALSE","FALSE","459501331",0,"South Gate","United States","California","FALSE","a459501331",2,"uqenE|~ipUq@vCcAO`B~AkApFtDf@f@eB`HfCpTp@nBcBxA{Yc[eDeMpPDdNnCJ^qBpHxCdVv@hBg]wGcCeRa@_LtNm@fNlD`@PgB",64.08,1532,"Morning Run",0,"FALSE",2,"2015-12-30T18:21:10Z","2015-12-30T10:21:10Z",33.95,33.95,-118.18,-118.18,"(GMT-08:00) America/Los_Angeles",0,0,"FALSE","Run","510604386","0",0
"82",5,1,"11307443",1,12.1212,0,"FALSE",4.8959,1454,48,33.8,33.99,-118.18,"9f8d76bd77bc5c12e5b84273f248d072","FALSE",NA,"FALSE","FALSE","450707827",0,"Cudahy","United States","California","FALSE","a450707827",2,"{wgnEjpgpUp@]{|B}Mi[|F_V~MiOjPgThb@fNmY",38.52,1454,"Morning Run",0,"FALSE",2,"2015-12-15T18:32:32Z","2015-12-15T10:32:32Z",33.96,33.96,-118.17,-118.17,"(GMT-08:00) America/Los_Angeles",13.7,0,"FALSE","Run","501574553","0",0
"83",3,1,"11307443",1,11.8476,0,"FALSE",4.956,1512,34.3,31.8,33.95,-118.18,"e573451f2f9a59f4dc1aaea4d21fd3e3","FALSE",NA,"FALSE","FALSE","449595838",0,"South Gate","United States","California","FALSE","a449595838",2,"kpenEnzipU}B~R~f@|D|Cg`@{[gCeKzKsAnGBnHjCJp@aBpMjEbQBlC{]oZcCeLfLo@tFdAeG",17.64,1506,"Morning Run",0,"FALSE",2,"2015-12-13T16:36:59Z","2015-12-13T08:36:59Z",33.95,33.95,-118.18,-118.18,"(GMT-08:00) America/Los_Angeles",0,0,"FALSE","Run","500438657","0",0
"84",0,1,"11307443",1,11.1312,0,"FALSE",5.7052,1850,171.4,154.7,38.65,-90.3,"d3039cc4f0270153945add51cf3a40e1","FALSE",NA,"FALSE","FALSE","448556558",0,"Saint Louis","United States","Missouri","FALSE","a448556558",2,"qm{jFlodfPkAFuA|FwAbh@dLtBfBgr@{ITqAlCaBzh@jKxCrCur@oJLkAhCmBpi@tLpBjCqq@aHaA",18.72,1845,"Night Run",0,"FALSE",2,"2015-12-12T03:32:05Z","2015-12-11T21:32:05Z",38.65,38.65,-90.3,-90.3,"(GMT-06:00) America/Chicago",48.1,0,"FALSE","Run","499359199","0",0
"85",7,1,"11307443",1,10.9944,0,"FALSE",13.1676,4491,175.6,139,38.66,-90.3,"77905bbe2d642dfcfa5a4ca6f36f7275","FALSE",NA,"FALSE","FALSE","444876235",1,"University City","United States","Missouri","FALSE","a444876235",2,"qt}jFvbefPJjEbc@jFjA}TrHpDrNbB]h\bLvBp@o@fEybAtLExXhHb^hDfD{A}@aTvAuAfBwLd@kVpAaAbAkRaBcI?kSaBeKEsEpCuB_D_Sv@kWv@qE~LpATwG}AmM}HmCwFvC{J`@kJoEaSdCeDvGu@xMaG`C}GhSo@zKrBbNk@hGwHrI_FfoAiCxOem@yE",16.56,4311,"Lunch Run",0,"FALSE",2,"2015-12-05T17:47:20Z","2015-12-05T11:47:20Z",38.66,38.66,-90.31,-90.31,"(GMT-06:00) America/Chicago",77.1,0,"FALSE","Run","495589833","0",0
"86",2,1,"11307443",1,10.7064,0,"FALSE",5.7722,1941,175.7,144.7,38.65,-90.3,"c52c8504dca988fb58324d4f023e010c","FALSE",NA,"FALSE","FALSE","444368495",1,"Saint Louis","United States","Missouri","FALSE","a444368495",2,"sh{jFjzcfPxn@hMr^|C|B}@d@sEkAaOfBqA`AuGfAeMUmLpA}@dA_QqC_[aJuDmFzQoMfHInDcDnEvDdEyI|OuEfEyFa@eL~SiPjG",16.92,1941,"Afternoon Run",0,"FALSE",2,"2015-12-04T22:07:06Z","2015-12-04T16:07:06Z",38.65,38.65,-90.3,-90.3,"(GMT-06:00) America/Chicago",61.7,0,"FALSE","Run","495066452","0",0
"87",8,1,"11307443",1,12.4596,0,"FALSE",5.1182,1530,181.5,154.5,38.66,-90.31,"3d62f88ff410298839647e53e534c77c","FALSE",NA,"FALSE","FALSE","443752632",0,"University City","United States","Missouri","FALSE","a443752632",2,"ws}jFt`efPa@fGdR`D{NxrCrNirC{NaCcBkATsD",17.28,1479,"Lunch Run",0,"FALSE",2,"2015-12-03T18:27:30Z","2015-12-03T12:27:30Z",38.66,38.66,-90.31,-90.31,"(GMT-06:00) America/Chicago",26.9,0,"FALSE","Run","494441507","0",0
"88",2,1,"11307443",1,11.7252,0,"FALSE",5.1714,1592,181.5,154.5,38.66,-90.31,"0066dcb06d2050416bb35678065320c1","FALSE",NA,"FALSE","FALSE","442656842",1,"University City","United States","Missouri","FALSE","a442656842",2,"is}jFh`efPI~HbQxBwAfJc@xZcKvkBjNerCkQ}DVcF",21.6,1588,"Afternoon Run",0,"FALSE",2,"2015-12-01T19:09:02Z","2015-12-01T13:09:02Z",38.66,38.66,-90.31,-90.31,"(GMT-06:00) America/Chicago",26.8,0,"FALSE","Run","493320843","0",0
"89",6,1,"11307443",1,11.4084,0,"FALSE",8.7104,2829,171.5,154.5,38.66,-90.31,"991fb021b02703b80cf73d55242c2308","FALSE",NA,"FALSE","FALSE","441004736",1,"University City","United States","Missouri","FALSE","a441004736",2,"ss}jFn_efPNtHza@xFvAoU`HzD`OzA_@z\~KvB`D}r@uKPkBjF{@fg@zKxBrDkr@oL@_BjEgAxg@dLbC`Dur@cLVsCvPqNwBuGsDwa@oDmBrCI`E",20.88,2749,"Afternoon Run",0,"FALSE",2,"2015-11-28T19:48:33Z","2015-11-28T13:48:33Z",38.66,38.66,-90.31,-90.31,"(GMT-06:00) America/Chicago",49.8,0,"FALSE","Run","491623559","0",0
"90",9,1,"11307443",1,10.6524,0,"FALSE",8.2811,2799,175.7,139.2,38.65,-90.3,"4c71e3c712409da82ed9779f996f297d","FALSE",NA,"FALSE","FALSE","436266047",0,"Saint Louis","United States","Missouri","FALSE","a436266047",2,"atyjFvidfP~ZvBpB}Au@eTnBcBrAiMx@kOg@uDrAaA~@yTkAuCCaVaBoKJoF~BiBsCuONoMrAuRfKhCx@{@[gRgByDcHcAwRjEsIiFaLnCiCwAqFzH{@xNaG`C_HvQq@zM`ChNw@pG{HjIoGl}A",20.52,2799,"Afternoon Run",0,"FALSE",2,"2015-11-20T22:16:38Z","2015-11-20T16:16:38Z",38.64,38.64,-90.3,-90.3,"(GMT-06:00) America/Chicago",25.6,0,"FALSE","Run","486729284","0",0
"91",9,1,"11307443",1,11.4048,0,"FALSE",5.7851,1957,170.6,154.7,38.66,-90.31,"0e0d4543c9c826970353876a79e982cc","FALSE",NA,"FALSE","FALSE","435609663",1,"University City","United States","Missouri","FALSE","a435609663",2,"as}jF~_efP?dH``@vFdCiUfHnDjOfBe@v\~GhBoAtJbAnAtAy@JmGiAoAgAr@]lGhCbARiJaCZ?nIzBi@FqHkJyEf@e\aNsAcI_EuApUqVcEc@{CaHa@cA_B",19.08,1826,"Lunch Run",0,"FALSE",2,"2015-11-19T17:49:08Z","2015-11-19T11:49:08Z",38.66,38.66,-90.31,-90.31,"(GMT-06:00) America/Chicago",15.6,0,"FALSE","Run","486058126","0",0
"92",7,1,"11307443",1,10.7352,0,"FALSE",9.1641,3073,175.2,139.2,38.65,-90.3,"3a2061c1c2f78a2824930abb31596f55","FALSE",NA,"FALSE","FALSE","427753231",0,"Saint Louis","United States","Missouri","FALSE","a427753231",2,"kf{jFbzcfP|l@fMp]|C`D{A^}D{A_OrBiAx@{GzAeTg@sD`B_Bn@wRcBcL\mPkBuIFgGdCaB_DiSpB_^vLxAUmRoAeD}GqAiR|DcJeF_LlCkCqAyFnHgAnOyFfCyGvPy@dO|BdMq@hGsHzI{Gr}A",15.48,3073,"Afternoon Run",0,"FALSE",2,"2015-11-06T22:32:41Z","2015-11-06T16:32:41Z",38.65,38.65,-90.3,-90.3,"(GMT-06:00) America/Chicago",53.3,0,"FALSE","Run","477950541","0",0
"93",4,1,"11307443",1,10.1052,0,"FALSE",9.2117,3349,175.9,138.6,38.65,-90.3,"65c571b52e762a63de0d589cf74e92a6","FALSE",NA,"FALSE","FALSE","423268672",1,"Saint Louis","United States","Missouri","FALSE","a423268672",2,"ah{jFfycfP`p@zNp]pCzBqA\iFuA}MlBaAbCaWQgLpAy@|@}RyAgJSuYiAeDPkExBiBkC_PLcMrAkRxJ`CbA{@TaHuA}LoIeCyRjD_JyEeLrCwCcB_FjHmArPcGzBmGlPs@nNbCxNy@bGmHrGaHd_B",15.48,3282,"Afternoon Run",0,"FALSE",2,"2015-10-30T21:13:22Z","2015-10-30T16:13:22Z",38.65,38.65,-90.3,-90.3,"(GMT-06:00) America/Chicago",53.1,0,"FALSE","Run","473295971","0",0
"94",6,1,"11307443",1,8.4096,0,"FALSE",3.289,1425,170.5,154.8,38.65,-90.31,"64527fce52e0c341f1ffd724f5191aa5","FALSE",NA,"FALSE","FALSE","420448203",1,"University City","United States","Missouri","FALSE","a420448203",2,"es}jFlaefPEdDbA`A|^rF`BiT`YdGg@n\dHrAuAlIdArCxAeAOuGcAaAmAfBV`HvB[HcHsB_Ag@bI",17.64,1408,"Evening Run",0,"FALSE",2,"2015-10-25T23:41:59Z","2015-10-25T18:41:59Z",38.66,38.66,-90.31,-90.31,"(GMT-06:00) America/Chicago",13.6,0,"FALSE","Run","470382101","0",0
"95",6,1,"11307443",1,10.6848,0,"FALSE",9.1801,3093,175.2,139.2,38.65,-90.3,"535540d7ce8b5c8cc5b229c517a0a4b7","FALSE",NA,"FALSE","FALSE","409671642",0,"Saint Louis","United States","Missouri","FALSE","a409671642",2,"u|zjFt}cfPzf@fJlYdCrD}AcAgTdBkAhAsFfByVaAyDxAs@bAoMsB{UB{SsA_CJ{EnCoBcDiP\cMhAmRfMhAYsRkAsC{GqAuRvDwKiFsIfCsCmAeFzGoB`HKjHmFtBkGzQe@bMzBnMy@fGsHbJyGt|A",46.08,3093,"Afternoon Run",0,"FALSE",2,"2015-10-09T21:21:16Z","2015-10-09T16:21:16Z",38.65,38.65,-90.3,-90.3,"(GMT-06:00) America/Chicago",43.2,0,"FALSE","Run","459187658","0",0
"96",6,1,"11307443",1,9.8208,0,"FALSE",7.4762,2928,174.6,143.6,38.65,-90.3,"3b48f4dfbca87d528a294879ff32c430","FALSE",NA,"FALSE","FALSE","405526815",1,"University City","United States","Missouri","FALSE","a405526815",2,"}s}jFhbefP?`F~BHBnBhDsBS`AzLXh@wR`Ba@`a@rJbPZ|Cgf@}@w@di@bLbP^?iBmHmBa@aF~Aw]pB_KyDyIrGsGuBgJoO`I_DjOiNwJ[~HbCbMWtJ{DjI{HpGk@hD",43.2,2741,"Run",0,"FALSE",2,"2015-10-03T16:04:37Z","2015-10-03T11:04:37Z",38.66,38.66,-90.31,-90.31,"(GMT-06:00) America/Chicago",39.2,0,"FALSE","Run","454893987","0",0
"97",12,1,"11307443",1,11.2932,0,"FALSE",5.5147,1764,171.1,154.9,38.65,-90.31,"f5643f90c396f755ec4efeae65af08f0","FALSE",NA,"FALSE","FALSE","392764183",0,"University City","United States","Missouri","FALSE","a392764183",2,"or}jFt`efPFxGx^bE|BcTpYdGQ`]pGjBy@xBRdHpBKFiH}Bc@XxJvAc@RiIoCTBdInBUn@gGcA_B{Af@Y~G~@nApA{@`@yG{CMc@hHfAjAxAoA\sF_AaBuAj@IvInBKVgH_FwDbCcZ_A{A",19.8,1758,"Morning Run",0,"FALSE",2,"2015-09-15T13:53:44Z","2015-09-15T08:53:44Z",38.66,38.66,-90.31,-90.31,"(GMT-06:00) America/Chicago",13.5,0,"FALSE","Run","441643212","0",0
"98",0,1,"11307443",1,10.9332,0,"FALSE",9.3195,3154,175.6,146.5,38.65,-90.31,"b25342a79529a6f39e5a013a1d3501c2","FALSE",NA,"FALSE","FALSE","390481576",0,"University City","United States","Missouri","FALSE","a390481576",2,"gs}jF|_efPHdHla@~F`BmUpFbDxP~B]b\pKxBbAqDrDg_AdIhAb@iA`VjGvRpAqEkCkCaQnAaKxB`Ax@sHm@gAjCsAq@jJhDdN}ClCnPtBzCzGoBbF}fAeMeFtdAeLyDf@qZ",16.92,3069,"Morning Run",0,"FALSE",2,"2015-09-12T13:00:15Z","2015-09-12T08:00:15Z",38.66,38.66,-90.31,-90.31,"(GMT-06:00) America/Chicago",81.2,0,"FALSE","Run","439272499","0",0
